,0,1,2,3,4,5,6,7,8,9,10,11,12,13,14,15,16,17,18,19,20,21,22,23,24,25,26,27,28,29
0,-1950.9719803192215,3919.8166231613704,1272.154839295731,-175.08051971979347,766.0017459419687,-564.3372406641718,211.75754066693764,296.98751711481714,-632.2285271166268,-260.05634973296355,-218.18560328935362,-266.84315748325594,-328.6248427573294,-363.00195449554343,158.51573640039862,14.289631976287778,-299.2980304388754,112.15344511930616,-108.87737051669805,124.18393609882689,96.55252361188244,-262.7843623895465,66.15845929535804,-184.9238380740451,-128.23477210020766,82.49328137263947,-173.3907584301096,135.21398378894503,-1.700638954725207,-257.45719331172273
1,-2009.1054177030235,3791.5713178013652,1248.5303115549475,-75.5768723146256,763.0652367646923,-541.0154569780276,274.44378933336316,174.09237777769283,-588.6617782997314,-327.22826558174677,-201.33491832914467,-259.668160006353,-295.5079809431656,-329.5503942442541,133.9338181276979,16.39122612499303,-252.09534612317086,94.85854629230286,-94.58492250704094,90.49903655228934,89.44914226927192,-197.36056165058355,29.82610427932248,-149.36214897480082,-82.79071948443364,61.36727530238634,-78.24002021606704,61.212415979860864,21.2432434400039,-119.45316008655679
2,-1808.060452519472,3914.755497723546,1178.177638421475,-110.93769342562582,715.3195855418729,-529.4211503288584,227.52262961879998,103.295459780629,-546.4396261977065,-329.9815184592743,-182.03009947154,-232.8046256607813,-243.5811061041972,-270.3515533973215,78.39450321574644,-2.400717616561963,-195.98685925083774,49.13794430602182,-63.592250834819,34.15860849019285,63.94465466716427,-67.13908352612405,15.463036684684434,-69.12846112204856,-14.596541931755718,-0.6892016274928304,48.884893670152955,-24.046182920971052,37.90468255793366,68.36433368865501
3,-2092.0795337823924,3536.86335230449,1195.6033557048224,-26.843290754545663,731.8971377771062,-482.4151426795694,281.2514455282966,-52.584314667476924,-479.0877330157316,-341.216443836818,-124.02318756478417,-162.7776271818317,-170.5719396460841,-191.61650411092813,21.976318983857368,-27.047239995572816,-81.69020248730534,2.503848027469912,4.660776551781616,-35.233936144979545,15.629666696178749,63.911123864739295,7.865766406261797,51.999924443437756,47.736324919074455,-59.73084132578634,171.52380808677574,-128.9442429318305,37.85945198218738,232.48350508587836
4,-1834.0848859753755,3760.9191592804273,1052.947380353425,15.528862726459607,585.7990769804525,-484.08832657119035,147.97403447367893,11.274362188375862,-437.06281458854426,-236.46069781516331,-119.82039460149397,-86.42843848537024,-79.78351243957454,-79.74271463149539,-38.36048546024914,-43.111791064468804,71.38327186708163,-48.043386185054345,65.35877408106451,-99.76902920091241,-42.98456793602,185.86530736953253,-36.99161557776409,162.36072475627506,109.07381277003611,-113.30477627344538,195.8079875110226,-185.09108641370472,-10.648156907879287,270.38494448754693
5,-1406.271422754802,4166.028179674438,867.0301784262791,31.01090375327868,386.74099556357476,-497.2760577117326,-55.3175790354271,117.57926957743855,-377.61707750007093,-74.34663989892728,-105.04262248176022,-10.806261647134077,-1.444195344835437,56.045095389424404,-93.90724269604138,-37.83845779681069,167.24297477156833,-110.70767863898521,102.82597873038124,-140.96368769015305,-94.07171631873994,249.25029276993928,-64.20848485197486,218.90674266486,117.4428662152777,-119.89946034724878,133.60008460706737,-148.5254189813489,-59.05470505304666,160.54695612559465
6,-1332.8925671988252,4144.067323722134,830.9072976814294,150.76106894778243,339.4224720306145,-420.2512788014164,122.12377787990864,-222.9817980164282,-155.46075870764284,-223.3574339173609,-21.577006335315417,35.65582964982426,55.94598614451089,150.31015691712415,-157.95496249682128,-27.309324027665735,208.182663063771,-193.30921674774652,95.55920714475872,-146.30088420128843,-119.57970139372694,296.51410598033044,-27.627271966588058,219.78631984912198,88.25772251928285,-61.574760111172566,1.5401677815724504,-30.29086187135055,-76.57683856455822,-75.54009247095095
7,-1921.7079617652003,3470.138539521635,934.7590169287344,-188.49875293218412,460.36947735153547,-295.84602150138574,102.02371733551277,-121.72403491974475,-150.12783231870452,-88.51471286726613,-5.06088234691273,133.505811128886,135.43404969573675,191.04168557855647,-162.90938978776518,20.82629783377793,312.88976466538344,-106.66079189348076,133.95073273649058,-116.79926288852609,-176.40688297127065,194.6238820732569,-46.56016303715473,163.40017462839668,41.8293262803248,20.258849151791757,-108.13111871247493,89.00491143031567,-68.10204604808932,-220.37012610416227
8,-2097.546748510042,3200.065050313823,928.8694067888686,-139.78668407910354,458.55792075292646,-235.95523989078123,147.53273767523584,-231.21374388389404,-38.69458098427471,-62.779060250859054,55.011450947788035,219.3143706075379,201.292823712991,276.7775185856587,-170.271571099909,32.60782519411051,333.5825528615976,-84.41953827727725,138.65067583299242,-81.02162687879505,-144.42990604074265,63.61791019579383,-23.593617728338458,27.70469089219373,-2.3688134076476413,81.50909537381351,-185.87982735793875,158.2215532705837,-5.340607195012764,-256.7504680774117
9,-2516.356130533715,2665.2148801347994,980.0164104587141,-182.93218360100002,476.99735996316406,-166.28982610919297,82.14509044760358,-74.16258430387843,-46.336780305657335,85.25984304966046,76.57926302672963,328.656196212803,303.3471106965475,361.15098672667546,-117.8023440691555,57.739282686950936,334.3400559808325,24.88512705017587,158.62224566433483,-6.7522983660947045,-117.3902189103697,-127.20308391862031,-12.373704617039246,-125.75078755741778,-58.09744681997752,135.10671882003192,-189.01841685267894,160.74748393938125,85.23711718095375,-124.03243759865532
10,-2103.4604421055587,3022.5248329414153,781.4829671512422,19.92227255703822,254.54617274501285,-236.74915181400445,-197.96848174130014,198.74344129225415,-52.999795577801514,309.50088399486526,62.473958362752825,371.67333557807336,353.38077988153174,402.9949749387959,-65.56366781141229,43.651977171897656,250.33349543111254,58.35793501114369,95.79305232977885,62.38768959439602,-21.784710994536017,-252.08425357661486,-12.504837878432067,-213.1280665372661,-84.98964406549564,75.07109570546686,-72.5256626743108,64.474174364326,129.69244126882487,84.68275292166882
11,-1619.581862140595,3453.599384419257,616.2792848365609,106.43924184196558,92.2591725873889,-205.08115035471377,-211.26897904036448,83.3840775557735,108.75931226921497,276.9368259889473,122.36119229484856,338.08866713464226,351.00365907545097,364.30138847697236,-39.300104287236344,24.23614252139535,86.37462105565696,11.539669812636676,-24.95817265043333,109.99549313244121,82.63974397207055,-256.0684765494542,28.8051839003983,-207.55322151962545,-91.3909547632959,9.066098863247463,29.631482261469152,-35.3788195137166,74.98040184855027,199.52493192216366
12,-958.8600694634086,4093.8425964602243,435.7370061915321,155.36095540038548,-92.1161708461639,-220.15489061134184,-290.55074141556105,68.50292844995197,243.75367965884445,292.7934618776349,153.32958036744174,291.8614401836096,320.3720663146553,300.22607388890106,-20.593240584392625,21.047703773700988,-67.91536162204163,-11.05400912747544,-135.26828910016596,133.41573076657647,155.7580366271643,-182.67466901271803,44.12799353802345,-139.98199837194144,-61.24854410662622,-54.56379644052294,95.66326037260883,-89.40329791928237,-22.293141496352213,193.97674931706007
13,-921.4405572748811,4038.3089172054674,466.85776355880523,-248.16550564423832,-50.61613600750844,-8.029899162381625,-30.399953575414017,-317.96363166747665,518.9604909681796,83.2508085954933,274.32893180524877,207.3091604625102,273.9115620156555,202.9107756519281,-38.81987192754773,43.013852563802345,-206.89958855663755,-63.82872987559672,-235.84060095283945,147.1027230704388,196.1773882845863,-83.70936845269001,93.09150887525091,-36.187664822054636,9.180835700412569,-66.8788255011061,122.71317163399743,-80.33906435360221,-105.90584398950614,79.96262248230056
14,-2090.387988286421,2661.872312186977,713.9333043648128,-287.9299292725562,140.7967485909223,183.7381739141228,209.65858779195392,-552.6184613176729,658.6917213664983,37.81748183172492,356.229736297543,198.5792412269355,210.00948404230377,76.57456182313511,22.941192244491326,99.50155622254164,-265.1456631366153,14.44749570573036,-280.71402065560994,163.00620237633441,183.1891689682369,8.789725798338646,70.2757819150013,94.78378916837953,69.10432337102091,-37.862802768682435,137.60341770158144,-47.46906012328419,-149.16316772891844,-52.59294695585772
15,-3508.385414356989,996.4099720050962,982.2735295354012,-333.80646738590593,324.4326602081694,297.853342362701,205.4348501745703,-350.66111740945905,602.6766168609399,245.83800824339758,350.7861088226326,220.95450280564557,139.24990269243136,-81.2360357321865,147.69864032383367,130.27348135681962,-260.586251052659,204.40496849469105,-248.61980385597357,135.0339290280834,106.45646013318562,65.11906459505023,-36.37954359648071,209.7761882444438,116.535767091051,5.526319755071838,123.79518305496309,-5.935104111129899,-79.51750928527994,-126.12152916755295
16,-5057.5744651976265,-878.6242432683767,1184.7297579867022,166.86303062116485,389.4091564767343,229.18220777455463,-87.27891208638657,236.20719758321883,360.56721045774765,685.9624799141701,219.01257473119745,272.2750328428061,28.68032793522537,-226.4765789741655,292.3481185175334,108.73389823464989,-162.19724743472915,455.26094526244185,-85.89827307852346,-10.096120141749159,-44.52089020774153,100.94575322702816,-188.55427223680317,222.99977969427042,98.92682788347284,32.273980624810136,33.239303485760125,-1.3268671731119304,70.5429252978234,-94.68688506322222
17,-4076.2794577671893,110.41120926464431,913.8708187025417,280.556577000832,162.63752575507488,175.2593422347497,-211.0633885116272,223.78387624560747,424.900752442574,614.8363178374988,190.59039406686293,131.55392768882896,-86.41333232914923,-263.7330748954225,265.8217673704184,-4.502752505345813,-185.22796672992817,291.97652989110077,31.937380076915968,-141.78769548232,-80.11778615802723,182.84650724157012,-108.80624648616538,83.60679762789377,16.27611145618329,11.510259502512769,-123.00635914375277,62.608612322433714,145.7495256170301,-30.762239698866868
18,-3144.8942465481873,908.0634009432326,613.1293757958703,1224.6288123624972,-144.10538325853543,29.309913139889936,-26.586459804321983,-278.69562144468955,683.4504934574483,275.83001816265784,238.52775228722552,-8.550293290559965,-196.44986617783903,-239.812432538513,162.0870488772825,-153.45719333095548,-187.1837885796258,-29.555830857924985,82.39930472841506,-238.129427465068,-36.17931108933089,234.15204786419488,59.58178797778417,-75.17875083524937,-55.417450760494724,-29.957945475140516,-194.49442640181243,56.81829771430905,75.85582113194542,-6.8859329820009645
19,-3746.030369959481,169.91327785080819,737.8532919044782,21.032749738809404,56.58507493402913,393.88572469495057,38.32616286178039,-185.52231605440437,658.2569232036565,310.1136992391253,227.12816454143677,-141.75266728424202,-248.4602689756793,-288.23189289304355,98.75753064095106,-135.73626413859836,-62.08578293994378,-136.996760451167,239.29806343286802,-224.74531677361318,-129.6479439991714,87.89320736620162,137.16804341039085,-148.2543037436858,-127.8000152849156,-35.91053229789206,-167.68286001208241,36.287263733447965,-28.641760071439588,80.53595574943056
20,-4027.4486528976263,-295.6810037109782,630.5603857619714,246.89870877886716,-67.54145386195957,301.2057823504439,-325.4060196840081,376.6338149940535,393.89331126107646,585.8528875165645,23.61149237254975,-199.8743955429388,-286.82431536157975,-235.02811237104876,41.028699458610085,-146.46401296606837,105.23600676039209,-145.01294331278746,323.2349635749215,-161.1275031402289,-154.5786946598431,-97.71694158918487,87.78576721207168,-215.51116858416148,-103.13662726144912,-31.221717084342348,19.582379218838884,-48.73899341323374,-98.7820022191804,145.95520798804512
21,-3423.1141448130234,259.26610871209596,420.2179453099908,173.8876078972316,-187.98645741755146,425.05709694158577,-171.32563754156413,22.681471850284222,522.6738094126829,230.66676126966823,-24.627748875791724,-350.0712722569215,-283.88817477961726,-132.38652475012637,-95.4425762092563,-179.39089486984156,144.83429613036222,-351.80844346701144,210.15972787669187,-16.26332585945306,-42.56254898993252,-162.38924653195588,113.61245154286695,-152.98289949302895,-22.791283922438453,-22.653501382945006,135.37172276723263,-82.40573682220595,-114.22418547382351,22.487423958208026
22,-3543.8031009342726,4.272441868199025,367.5029684271792,191.0030854692627,-218.3911552025516,515.100201711004,-133.55330186254884,-73.73694446455742,489.9160041905479,51.33726689781145,-116.82039697883889,-437.5806486244775,-289.54729861721063,-50.81203121972878,-185.56840842841308,-136.71330663512595,205.59436887192606,-357.5944025221451,61.00100332607179,129.93651599304715,53.59052714380297,-180.53429583048398,38.10835585831417,-14.705685774188016,62.020135170411436,43.13946266659163,183.84722853445385,-84.56918327154912,-35.45156759468867,-72.5265149001493
23,-3589.199395540821,-212.34531998452223,311.49647299958286,45.16869195493137,-250.92667291640362,584.2880100402457,-292.32110516285127,147.65007261245336,328.5342922131808,18.911313449810574,-260.15414453120263,-469.0532971753578,-258.80872922956627,12.636686710059488,-211.1405564859085,-63.526708805973065,240.99452401280294,-207.42698534802278,-81.39753101964993,253.81522244156858,107.91028281012272,-158.48147345477554,-83.58262258911562,110.74154509019144,123.29062882948634,71.41092400806352,133.77694744208205,-24.800436371199023,116.65832904715668,-122.4719037201222
24,-3763.871586039688,-580.6165874694071,263.0976823060035,116.8335127614609,-270.3027339542421,672.9886310833374,-215.09275736001928,52.7063120124937,290.6306800615946,-192.684977136894,-352.90218386806106,-470.82581545933687,-198.9062228218127,84.60611723940876,-250.668946590506,24.734237303664397,209.88604823148043,-61.64712196012696,-199.70211212088844,256.1816137201881,119.16068835593539,-21.12921072333826,-145.61760160843866,170.25057699372397,106.91523985528748,69.27212522786292,1.3281253189591908,92.08841822535976,157.48782941864636,-100.68172717612589
25,-4217.420032063031,-1231.087594044014,260.88486015214767,437.8405145305004,-312.2550210027133,653.1525417571464,-280.54365109399856,193.34395100480242,88.12062171885215,-246.42636067692553,-461.76828232598206,-394.0957748411985,-94.43820813926732,178.83763939076604,-212.23860664905095,120.78054266713036,141.44768443904445,153.46171207189627,-233.12974663820444,181.93908348757046,61.42090275602852,93.72572306437306,-171.2559083398407,116.53257295501024,5.363828777659176,7.778886740544374,-119.48378416999985,136.8275589492168,85.66790808312881,44.94010022189152
26,-4447.31061248449,-1655.9517444435576,210.89384208281433,163.35212188670238,-353.11032377211984,706.5440453476542,-379.6153697412885,394.8699025652636,-140.72072393290276,-210.3915484570965,-526.4603629963195,-294.94274787229824,53.301554921017086,243.13157519027277,-127.36163578596864,187.59516666764318,43.71533965143681,304.3437542523543,-190.8867382339955,40.34105575901671,-9.492952270633104,139.5338646848694,-82.53148041948666,-2.249106157788038,-121.72147941707408,-94.78096493144108,-182.43033449108322,41.61759447273291,-129.53670253144165,190.41537285623048
27,-3908.597859172438,-1211.6040853046757,-3.9921298758637427,258.4852533162047,-508.7855689967692,690.9618649016747,-320.38757612584317,235.2980317599101,-154.20674172446036,-366.51961879421015,-469.736078508075,-179.77022443758452,173.6668881705026,270.62072368599604,-56.95294530156684,170.19209913883432,-112.04130170956589,254.6244128433578,-126.56859166866857,-131.45011064978098,-27.192269651333696,164.53757759341948,42.39024074070022,-123.16356517492969,-169.4553658606746,-106.89177444640595,-113.61527227487723,-56.01564974423519,-187.6011623909263,120.9456354072362
28,-3591.498839522236,-1064.25893436958,-152.24563298312515,148.0067642200619,-608.1604790555565,762.915641234985,-136.17018558006694,-4.4421772162847555,-140.40601760724346,-558.1589396753643,-373.49471062573514,-32.918983728750746,276.67381361722687,264.95122392145976,44.26155471149698,112.35027871672413,-209.05894188243906,149.03541596594394,-3.2896250498392354,-259.9515361357225,-40.020693942129924,115.44877504160247,178.2588905998584,-180.05442953753666,-126.10198754533707,-47.1578312206271,28.51727938211961,-118.39932882225077,-83.86675547600713,-73.16116550745427
29,-3863.688294471575,-1523.4660752533166,-184.88996786166345,19.72074984590112,-551.0547328159809,802.8033088559409,31.346700835514927,-200.9534451486822,-205.14775065609436,-623.3462883641891,-247.25837501865635,108.07716278505043,306.4664585484332,162.450383222512,125.69593392022222,35.013053174766696,-256.1183476871115,15.46271986234368,124.1626916305459,-257.9088094040904,-57.04816058405913,-6.674969406202528,212.2437974986091,-109.31985881667988,-0.7444715526895715,72.30780589578333,164.61190506095687,-99.65991277535215,85.96115929482986,-189.40764634242217
30,-3520.02742482397,-1320.4455755305573,-373.1384725082298,217.01110036802794,-655.7963163393907,622.9860525130507,-37.99458309498443,-180.03505208275294,-332.483259482699,-493.6034005697166,-116.49992299809745,230.4468433517177,297.72606653474634,45.510275635731794,194.00464052991646,-89.25787753234535,-244.13064261939138,-119.70946654811814,196.44953430025592,-161.8037677459422,-15.352839665216045,-108.06638785594411,114.54927114453018,7.194678349458518,160.6341860144362,92.29781000059583,163.32475954186916,-7.105328500287664,159.63455895214057,-111.75398153669107
31,-3224.2233418955248,-1151.6205372467768,-476.71888842778577,-5.778041039675359,-674.269826978046,576.0433994099296,-8.098444231034158,-243.40168303392173,-368.9824367561335,-409.4244231947922,47.70652319111996,291.24743711846713,253.3941822755938,-97.30534937260742,214.10385723081598,-159.15420078255335,-199.5471494369405,-220.03894277906258,195.90038122297622,-12.915529867997018,33.14112871554461,-152.13434305465165,-3.6537059293561613,128.23640350819878,249.73556819079909,94.53236490644234,54.669922286362606,104.46209634529788,119.03675738003886,46.996786765963165
32,-2717.841077676861,-648.8249600937672,-680.9494944296156,295.00780593771634,-855.3181956851838,269.790234757943,-389.09435265536007,309.57900601630286,-619.561776545848,-0.38440379608239195,38.90480146406323,401.09424237355825,184.8466807397223,-203.60072778878762,242.96428054655863,-192.46861001948062,-88.0292034819831,-152.00506464014305,183.72039899420767,101.02316370375623,23.792027928297667,-157.617989275656,-166.6255949768631,171.97303485333904,173.8337762844921,12.958429779811121,-52.0799691819623,140.68178566593085,-0.7422559131317431,149.24964546823213
33,-1716.1302467883595,293.8275084947905,-877.6943821802779,35.55742904820563,-924.423483836111,198.1179519689189,-296.10510311115564,192.47872685293518,-488.3777237743462,-7.771268933727443,162.01883012331035,367.0940090356044,90.33175490341816,-272.223582450908,153.85039108437667,-166.13798416745888,2.5161524496291086,-206.28950583244995,81.96155939206514,166.4635873533764,63.045701361339674,-59.00007273415978,-151.6618010220086,161.65511121099402,13.34334438929242,-20.44251444787496,-161.2174964835216,102.32018831881756,-123.98231261772555,117.76398613624431
34,-1289.8250901587978,731.6325498470826,-927.2472205043587,-304.0555550847089,-908.3577232744427,195.52043097662803,-144.63987136838958,-3.606218921357189,-397.46364077800564,-54.80095030292786,246.92808075445257,317.4270135152627,8.075654932221324,-302.7563604156167,59.00492103315556,-110.97107147352229,50.412172729314555,-209.99788387332222,-43.36663977511941,208.5398511505063,71.17944380747282,30.868797290855976,-100.0038490142629,106.37401458757554,-153.91339503619713,-74.25464011337877,-201.22372252505664,5.748550455585957,-155.52503379248031,8.505051155174232
35,-1265.082522046992,461.1212543036186,-977.3748666089588,-416.99767221505914,-860.9850125141072,164.21596972480359,86.16677348764605,-270.49469551739895,-308.5978386715912,-112.25352533257562,370.99080741202107,307.6352462975368,-79.6033416522169,-303.7449973414981,-34.48057846660944,-31.40035656911798,139.30164943059282,-167.63259225916923,-108.1466775477787,187.58709660378398,23.869267369898626,115.12807965029386,-43.85553490946392,6.753282902627294,-247.45549475981022,-88.96964983705607,-156.73292904203103,-116.98200054210058,-108.4251011003944,-69.87167838920804
36,-1314.9257866283053,266.3477005396728,-1020.8706203552771,-295.6666105543429,-858.7516471805715,53.58931167651417,81.002504410897,-188.5803497864472,-350.738328026217,-6.207331761853793,400.4550623044337,292.44831969314885,-137.5752864150088,-275.131991617066,-96.61121402032721,27.264380146289835,199.48273244666225,-37.420990311197734,-157.00342326804196,138.35706951470112,-28.413978153674297,137.6090428690072,-7.591140681715547,-121.47324008711414,-237.7090597080418,-91.42586060334153,-1.1816473205114504,-164.99351927805668,-2.1550131081862216,-126.78195669444466
37,-1661.8982867865334,-384.08031957190445,-1015.4837662412693,-458.10503035085344,-738.2279610344547,69.3897138621049,182.68971277812489,-157.88493032088806,-371.3221298442113,37.08327786411013,452.90387320782537,241.07634082951668,-204.115062462346,-222.607811390219,-172.66966859356756,101.82352042873588,249.11539987651284,100.73785755554165,-174.73413669515352,52.81954874160322,-83.21035296500945,118.81694739732689,35.93591959681911,-177.34790880531844,-159.6578219055852,-19.94233039559259,165.40782407675687,-113.29298850351087,117.1670324295516,-56.89558228136367
38,-1243.9808465112749,-56.062995310995575,-1160.298246752905,-375.0522098422996,-754.1936407702252,-96.76600675894093,46.14344017492742,60.450390644255556,-397.9874607344354,207.4818906480026,408.1715319141043,139.44613821996498,-238.06664761999633,-131.60431388723867,-197.07837606171054,142.9569420968077,209.67862492439622,216.88382110004838,-178.11561527142027,-49.81355121997716,-96.12444414763763,76.99697231211131,75.54274676863683,-163.35798583025132,6.444878642175007,51.72620125916416,231.5648480369291,13.279272791064878,140.46683611115594,29.14578373835675
39,-1001.1735276821933,32.857776969296516,-1233.473429752753,11.34250412445759,-716.7642965904863,-219.32177882510322,280.3981920003286,-247.34902018006426,-219.25724665424733,79.37502444928307,429.5573364520359,0.8432294877220038,-306.94213899118506,-32.61540871395106,-222.113198202477,145.21516708579043,116.17761628789926,195.9142738906262,-153.56119466905014,-124.26641297818344,-59.52116364089556,52.09970765394163,129.56528624426969,-98.57291115276958,167.7074159537142,119.62267498990977,171.02981906972312,127.88931486979058,99.67027234914137,9.858284245316947
40,-476.2138480125869,582.8297041018096,-1352.192425743601,-104.17097826262538,-751.648742258732,-370.1368777818721,50.97138001500836,98.69802094379918,-288.15595163859257,297.8844017935398,307.54955225544995,-90.60543759437923,-314.7345303478635,76.88725948071453,-183.680855972784,140.67492294279904,49.86875051323359,238.47113674655228,-50.534068888504386,-164.89185148598904,-27.770241177159445,-55.8114786503093,113.18550865433649,-25.30893668026188,232.02444546468814,101.96863546779701,31.792614819989645,137.50912248392612,19.356607369565694,68.09049112071456
41,-425.58768920384995,391.90989173153685,-1382.1475271896363,163.5312136302344,-680.0930319880508,-458.2990056318846,234.23146148247994,-109.56494994304421,-164.58354427483943,187.5960723214138,287.94935399014696,-171.80498346343344,-331.6895799605158,189.33327565784901,-159.69909329308987,122.8896525809416,-46.37973545764522,185.71715010738674,25.247081721333856,-188.28125409057537,16.095490572357193,-123.09133690602309,97.22975015528172,55.93417937560927,246.16815764514763,64.79345884284415,-111.3645820986401,86.800153866597,-79.61281480934838,56.52646185437664
42,250.83176414686397,1205.2939981019522,-1454.15245475088,-143.83783411938703,-684.5770529886167,-421.2767321020869,326.3197525177299,-253.94798941550613,17.237269358444323,72.46596934607813,273.1063939673661,-307.6211796078634,-275.9221270211779,290.4433039702728,-137.19333919084528,69.52056453721092,-164.53387490677463,67.16939470638762,80.26804938676187,-147.253320425492,73.40189787894325,-140.02285038287016,59.513928029700956,111.90620212537509,145.65234337978265,-5.735499733236083,-186.44695088702161,30.13000992844553,-130.75639015545832,15.813876194505694
43,251.24223861912802,1010.2625824474623,-1428.4024714065688,-645.0047284510159,-531.9278457905766,-331.24171147666914,408.138023668289,-238.03873571430083,76.78304282336126,79.7662000611161,225.01121481743667,-382.58940085998637,-175.82908237381014,349.51225284751297,-62.06349905951853,53.71711751321604,-210.46543494955853,52.38934989251668,168.0960576791783,-78.2124962639402,79.3346380605033,-170.15612487367545,-22.384173068813077,149.80667850767347,14.33470521534984,-52.42168549325499,-170.92312298691704,-62.28121078813133,-99.02616876199549,-1.0990859667169204
44,27.674454308569057,583.3461067166114,-1439.238338815494,-422.3992900103261,-477.3672065743525,-456.2906070920381,295.62865513086143,82.43146814666727,-41.46431212250584,252.08539484163,58.432426163925584,-343.8608520181983,-72.40196233732506,372.4682325820202,80.77403218662586,17.648078621941114,-176.63710798598532,126.19078340086115,226.99327101818665,-10.330611818256592,45.85003085119847,-143.91370833036552,-147.01247161463175,119.14688609130579,-133.10701934900104,-61.79271984299691,-59.22869828065417,-128.87273630589286,9.299300903664404,4.677950018762879
45,-132.86015305393929,190.01966727291438,-1422.9496778151583,-410.4417969542938,-351.35751025089576,-496.2665445512088,425.1384714276704,-29.321741630397728,27.13076363729364,232.8803354388836,2.898513661444894,-360.40566650018127,26.6892957609465,327.7400996504402,151.08424007927854,-62.831821169079284,-162.8269582179006,50.963673866267214,213.26739622500762,60.241047208366695,29.847145283004934,-26.583242015869967,-180.1099108256778,89.83941532021792,-207.30236880150957,-91.78235848547935,42.991410504195315,-103.86512126033227,53.33846704617746,-34.2509330130278
46,-559.448152873856,-600.4661876787586,-1330.7263909955254,-348.56542868511355,-161.6117909767643,-492.9303125179133,704.7791986514743,-315.87611471742053,146.17400212633726,67.67852038822409,-39.72187388183724,-366.6603923190529,104.77707532431842,243.3759276969523,203.17021214761627,-139.97084645832516,-105.55173781431627,-54.00327352775683,140.14373790620593,137.12803309114938,1.3592782685023848,106.03624444864903,-144.75316151906142,44.67693910003936,-205.80518780189618,-58.04539206308358,107.06058724635312,-10.386388921596865,66.07231423871463,-63.97720387713772
47,-1344.5761752500239,-1944.9983988141366,-1250.6745027912505,-272.7049139657449,41.41999144748936,-632.2457305519605,507.59730524908264,171.81404859150283,-84.72184131624167,353.11000851116376,-243.3874968612026,-284.020555058614,189.40162569223398,157.62085533524242,327.4672848440945,-147.13476196394438,36.239826042765,40.87360984570944,112.58740286558411,196.14274505809433,-78.40990535268807,140.801300436518,-160.04082580383874,-28.788676207289054,-138.12022229805817,0.46406411851367313,170.61240670899974,76.14992807278989,83.11406671559133,-15.526910962423456
48,-1268.1366683016415,-1954.566463153916,-1255.69880694357,-213.60779669226068,123.89705742989922,-631.0544902747698,568.2902569582587,72.4278432846318,12.239530702186505,232.3881424652258,-313.7115847056445,-215.733864699779,250.1515710204292,61.89900937098681,316.6894612354251,-154.7544405016572,81.00042580894468,-50.16239173890352,-5.575202721907266,189.4593807306376,-75.18971081272639,200.19618359851748,-18.168765572777456,-137.1669537478451,-13.170727441046019,77.85843762252584,115.56596420982764,129.83827044804468,30.07848418980795,1.7497632611139358
49,-874.8574498429531,-1568.4122178260905,-1282.7912123314063,-32.385620650494225,136.19389309421328,-644.1298539036916,575.3309355550904,-91.21278246154675,170.7853143285677,95.93712818604594,-335.726160772447,-138.65225490972264,275.7492921977934,-26.119595085402157,243.079352900445,-146.09394146674808,108.65473121370873,-158.14650566394926,-136.875249954894,129.39014265898476,-22.836311423443483,194.00097444133013,150.57282212229865,-171.6394361964168,111.19020541082412,76.02497016284268,14.789586477991996,101.29123472247976,-31.70960423678131,-1.1742762496103374
50,-1512.7811392039137,-2676.4928379914463,-1184.6045424507786,-94.94359908717958,326.5928557364712,-648.8803336914302,498.76922027133475,116.53516305797608,120.19389439438245,187.5531485284023,-424.34630790835786,-18.57657057308781,302.4974526094251,-149.2974737458507,168.5602367151364,-63.682693077159946,179.7614255390041,-87.30438241074177,-194.88122122180636,58.948560837853556,-10.817140544014377,71.73361341022124,203.88720187539073,-123.13081412018983,204.1114141756902,48.40170682250031,-81.2602522778637,-3.417617349947542,-57.97065300005158,65.82332259765822
51,-1273.6063333549027,-2599.7439505179996,-1218.255495597748,215.78336604228534,313.19887689197515,-754.571002178515,325.4437115041989,240.07292602747535,129.30355825371893,214.4459373448194,-472.4732610220256,94.9046598484214,281.20242590581483,-215.3309431075538,40.41762062273147,-5.846709588127442,146.8061114655524,-65.12346711076654,-221.34126590838886,-54.92725498555025,33.39855504587139,-42.565180499298826,174.05935403189415,-19.716844133450703,190.17729845406606,-2.8010016754125613,-164.77474866948876,-100.5075151123024,-44.84503329214117,47.27101070545781
52,-890.0270296378852,-2335.407276379604,-1206.7535907492659,-198.24763757832727,371.91958913772777,-631.4210755629172,200.54683138070564,250.36991538381412,208.2728683239294,151.7207063961727,-441.86684945321514,147.22127380069654,228.52544313380338,-274.5717075564083,-107.95907910167804,83.352496963724,88.73807762711681,-79.19191974109387,-189.15346354219415,-162.0885807884092,68.54958814630729,-149.2202181200768,112.4308461604552,94.83893070976366,92.93703670271832,-32.829549823913,-176.83236861236298,-161.9131731047871,-16.427641101044536,14.48462821481716
53,-311.8419326897352,-1750.120817314756,-1244.7537231034908,-238.58890305599016,322.28833020717366,-631.1931946802634,-93.14571189504207,409.6051600221055,204.52227055310175,161.80026639964038,-419.5550650655766,222.51661440049796,149.37321618833184,-284.33392509368457,-193.4424417952247,131.50799338178362,41.99480695136598,-57.02780084488739,-112.94534829541863,-224.5015188675521,80.38968243890714,-191.4510776437389,11.277897709964757,152.59503553167733,-35.39267601434126,-67.0292159829917,-83.3663711474843,-160.58838283528462,26.345454834056017,-41.19640630491473
54,500.771163518021,-777.1160319473166,-1290.74441595744,-208.3297489039642,294.44974749461574,-525.8540790478257,-37.39496420237293,6.537662479000202,424.2273764358779,-172.8728969485254,-302.36396816101217,226.8183464558533,70.77538619255418,-244.18459914060966,-302.26011181962076,124.80996229424899,-62.11094194758043,-150.38098189656165,-66.21694721016463,-248.26266484685078,95.5162836512626,-115.29632153160576,-39.1711826722809,138.44083968119185,-142.5444664830867,-73.03134698621754,19.010608616114673,-23.476885612623253,59.05183084495675,-91.92396439346138
55,513.9092234927045,-909.1615158117173,-1260.1143541650554,9.29817556556721,370.20078939449195,-493.1102736015177,-68.45525143132785,-94.753338833693,454.00227032496565,-304.93011313988484,-275.12495538950185,294.01431053890036,-9.173366585661567,-192.30484872862715,-320.69046379044835,124.22577280554815,-101.68746739199982,-98.3306549971896,17.710605022646725,-216.042839057606,61.80948697631683,-72.902697306493,-113.51596561995449,85.15972086101466,-191.89834527306166,-38.839502681349614,129.80895819342308,96.14734486105745,52.477940553565986,-77.33398048051538
56,457.47416899481334,-1112.1031667477175,-1186.672315490982,-386.6672218034217,499.20256736574646,-370.7529643166037,-207.91663982732086,25.59605097521204,377.8034610556776,-262.458989089364,-232.60968357245537,335.12509842047183,-63.43637385808019,-157.44995949373646,-281.79473602195077,142.4934094645418,-125.50359618305002,8.806775647930468,134.43956266043477,-116.03660162267722,-8.787018448329935,-43.729791009249645,-187.39378502795853,24.893198495853696,-181.44336742870328,28.7710373985274,192.03367951160766,191.60236455581654,-1.2085579554293409,15.767929685739647
57,828.1217290452632,-789.2698406652756,-1189.1921647107863,-180.48636199908117,488.2462378762444,-425.9112736767598,-441.7239737712807,185.76890659761386,297.30165133952556,-216.42332834027948,-201.77496758797233,342.8518114838582,-142.33365679322065,-76.28556423989292,-186.3045544051135,100.81682666782842,-158.07423668807246,76.51789208627056,195.7105979357189,22.010038314632585,-43.74205425714576,32.28629314863401,-196.83111445612647,-70.92383844474364,-70.15477740409112,70.6518207991291,161.99464646607996,180.19316887564074,-48.740254053010126,98.24167220323525
58,1066.7419759216457,-589.4564553386093,-1114.68853576948,-513.6297883879029,579.7765212658135,-252.41998768073822,-335.8718420734584,-62.62416055637203,384.66263389589517,-402.73790385003895,-72.55355716484871,265.0973009426726,-210.55298595430884,-25.963261592054156,-155.72096600952364,72.91143318813592,-180.7344129316167,57.74838861043507,187.68675543004426,180.65213607994576,-70.1185620098342,91.74591566770398,-119.82043514748112,-126.9914623370294,44.52177579908582,87.32634165915147,44.452909085191344,116.60509319474684,-73.13024735883523,93.4374753595335
59,808.7021847144528,-1212.4420551389796,-1013.5282246809226,-168.6602153713883,682.6973276396935,-228.52217506695328,-381.9391732432936,-80.74303697096232,330.64570184256917,-432.9815511183992,-29.256918266690114,273.78157300360033,-271.80203311991556,45.453359258487254,-68.59621845731218,67.42798374201736,-118.82541494250162,127.45179594249322,200.77346898714444,299.44923817871404,-111.8182150783808,124.71060663969158,-49.211295664432065,-161.36156418903363,154.0743270241141,57.31117238853463,-58.06894284663681,-39.77506470437691,-47.037381744533555,46.55253659887573
60,1182.9177739029253,-855.9138749552374,-1006.2531528497628,-99.53439629565038,630.439913042598,-213.510786486594,-553.4386343615766,33.72642528480081,234.75587939392042,-364.0599241772211,36.04374529993979,218.20732492604267,-287.10049211099135,112.69476267135792,48.39504441122383,8.166181066352937,-46.94574345052459,129.91476614472313,169.84604942837274,312.2250291095779,-102.49331843016368,106.96832398759646,67.18579583668551,-116.48848927787697,204.52720939789438,-14.606145210000564,-125.53857180080463,-168.1075254431292,-1.7864118955681365,-17.08265967286856
61,1327.2990657784726,-709.9573016724328,-987.790267157228,-15.072493763389296,629.0875743191949,-147.20701314842992,-501.96931328344584,-129.76467932946653,224.0682523481106,-424.6951101373824,127.60041215728964,166.2050411292022,-287.5048007891045,166.46144687556358,134.72297557489193,-53.76808399809642,18.418007913973383,76.4867830740682,101.41853105643224,250.50250657656315,-80.38654100620407,48.72973421011219,153.00384414529555,-40.19901684203175,158.4348634171079,-88.05281686399573,-156.56056435548504,-209.1078031777442,32.6155909331044,-64.85683985599778
62,1413.7819222441224,-745.0288411408155,-947.715949396838,76.40575419571302,637.4163453204136,-99.23528649792779,-649.6115635056633,3.7308930054124696,88.42283126018918,-291.8823974149579,136.55679595364066,114.59983658547682,-274.05521953735416,209.65408719294047,309.0444113594665,-92.89667255130698,130.9256545893165,95.40698941602825,9.39285600632629,112.64422050152776,-95.32714935957019,-70.54538679809986,210.58631349494348,88.08026356941947,27.6931394846427,-119.544981728257,-44.49600634940479,-140.79565096001693,44.210287867962805,-95.67356705016105
63,1364.1667365451576,-1018.2727578661487,-807.4969620265264,116.3397366646387,740.9117310641315,-2.0001699676421776,-621.330137893548,-70.991455328926,18.095395084386457,-259.7490361830859,187.19377014488606,13.374165651222174,-258.7762725014173,215.16961550669788,490.0297846924679,-134.6349501214083,254.26312327885597,71.61219229869569,-157.9978599560903,-59.35293529128435,-104.43425904831092,-159.46054784084717,290.12352177057966,259.92704041268024,-180.8898048887479,-130.9080475160989,92.52812279167449,89.06796645864065,86.96017786245406,-33.200823836626874
64,1282.65966189425,-1201.9860267909166,-718.9048031808702,-67.45383903246095,866.6663441947646,145.08318919092062,-491.75825462223094,-167.92187621564648,-24.47115394526144,-247.21001336137394,292.3861739466683,-106.99461130834497,-159.6243752813605,168.0736370944612,436.04193701298715,-191.0486189659074,277.01721501107966,23.51624446717909,-274.63564446009707,-233.29512413600818,16.6704070191327,-123.63828180101929,86.53461101247024,194.96631920478467,-188.6536882296118,-48.969023143948355,87.15395621153311,183.68009545958427,25.023299771729683,76.88699969245602
65,1275.857039819919,-1312.4053747713808,-686.765982525736,9.006574740649944,859.0247226401934,137.99432038528656,-537.1211322098366,52.482991980961394,-181.21093967545374,-64.29262010678693,374.8947037552421,-164.56915773119835,-20.448388756685286,112.96683132467648,229.49559084667928,-244.03018547840995,183.2081487478037,10.423497039410732,-215.55397351253416,-264.83003825628384,154.35826260959254,-5.671665540213725,-151.86339704851392,-31.42166494210818,-51.10201451271103,75.12001416006257,18.233021972491773,50.81644556339148,-71.54864249339332,61.952353060742055
66,1328.4240254378458,-1384.6594927731699,-626.0307749137402,320.5663896349411,831.9469372958984,141.45770416165286,-360.4398675027761,-134.3915181158094,-167.37277061964264,-98.17340684435923,485.54459384000967,-229.08132757375864,82.79785544205475,80.48046253730398,46.25246179258068,-219.83557888764471,54.287311317000594,-91.25451847893149,-172.88135586151876,-226.71361052150138,232.54650414778396,65.67045210454745,-233.90063737607184,-147.9888773146517,34.44675421889187,163.00456754192814,-22.662758903312497,-9.613485864421719,-75.49195208440105,18.40188165356657
67,1406.5995342221747,-1468.565261884016,-525.246095922514,104.32531206369363,861.4827956773619,236.30730584136188,-345.6381859247045,-32.97473550135256,-243.3408946740161,10.221113454828249,484.90564923455173,-290.4770125646822,189.9290981590009,35.2086218580432,-76.66413423911835,-147.96029553283495,-60.47904765185177,-115.94597652014555,-86.3582164870394,-158.47894288622317,218.8371014961109,88.9894547232999,-253.09837026090017,-182.3304626346439,70.14736596433978,178.47615601671396,-33.95859293621255,-65.51224082795184,-66.57696667232945,-14.772308511711698
68,1121.3857735331637,-2020.3501530824242,-399.8581226986517,-126.42216878131241,948.2586103500951,334.5764660323225,-323.1133402886729,110.16086322866789,-347.29904838355503,152.74541782080834,486.9443904576989,-314.9419340139026,287.8458969784786,-24.342653045825685,-182.62685199036787,-49.335338173944734,-126.92650213921317,-101.778534103295,-1.269001382564732,-68.39665963030758,144.27249462425644,77.33817097722896,-169.44703764314238,-148.4317574012655,84.05967373792954,78.0734103765939,-41.58521350900134,-113.91069296443847,-26.028829235714984,-60.40245724449994
69,1050.3521054884473,-2417.1492334483796,-215.33348175156192,168.02076985789014,1000.1425015407933,413.6327729680705,-22.29087119693094,-187.65081276194286,-273.82048846483707,33.571398219277036,555.0138692354741,-378.4019389696059,359.56950038008927,-81.99870610837657,-286.1749530519918,94.81050497798259,-179.89079798996565,-174.10721065671478,69.71349400259723,41.956377667716424,66.51402632271474,88.76962320109799,20.189259745625336,-66.61120656509162,45.45700171707358,-74.7441429334216,-53.20616967703189,-30.260812077026856,54.13750265086427,-94.82060431452516
70,861.2881433001593,-2848.9425636788624,-82.79995342094168,-55.00055752185875,1041.5886790380957,495.9022452530295,-129.5053461603901,198.56826726198184,-449.2348506282519,310.4029947376065,467.1230987449575,-383.03020098186647,412.02004783345797,-140.33380017782122,-277.92033199564924,249.50030645874452,-142.5260847560389,-55.16395905762617,137.25790253932985,162.34912372641375,-136.8603297885993,-19.86265665585522,209.37737553243858,103.4366932313211,-34.926407610670424,-192.766533885342,-0.7427129138753518,50.11141852512457,69.70086477463866,-1.412771963366345
71,1155.7091723885796,-2564.023260079243,-59.733586793074046,517.4446997924833,893.9236442617399,468.38957828958934,-3.7333721413958187,280.7375846838011,-403.09537499690475,358.25110521164237,401.28026744408885,-319.4623926319784,377.2828155157049,-177.32560843244423,-268.5613459469583,327.109227377196,-102.1274557996781,25.924314419296262,160.3760048982853,225.12290902782112,-243.6253812930465,-71.66291776271684,263.96936795183694,165.27176900695977,-61.652694551940534,-181.3801171165498,60.26345140448956,126.54407560688412,63.81417432821334,64.59694212434533
72,4994.371097770198,3523.38787257533,-1227.1818903256603,5632.629484284187,-649.2537027641858,-579.8401355980992,101.37017248291389,132.9646866865116,154.89572052370013,-206.36359366579148,87.52605730542362,-52.09606728252983,94.346971810912,-21.630962064842798,-11.97393313630352,84.06301521244524,-73.51948222499001,-54.272375621427926,-78.60433937541653,97.31705589821965,-43.65265649586697,20.50872645507624,-51.08841939913479,-15.486365715104597,-53.34517948588965,-30.858184756687066,32.90738569333644,35.862108392200895,33.957570002175025,-52.4056549229087
73,3759.909771452608,1638.3563899466635,-556.612638294843,-16.975304782206525,404.81785160309977,1277.7002198752132,876.2237718403685,333.81011733664826,313.95247644269807,-360.06161762040927,226.4087889836476,-169.76425640897733,196.6097732565365,-288.7607950190542,241.18746053045666,402.43772686725146,238.78241916665803,146.69498865031872,75.98976463060335,62.95163214586705,-375.9555946784515,-185.11244070710327,-4.467770366337218,218.28497440021889,-147.0922577916941,533.7667916131576,19.67254321591555,-176.03675100259335,-267.8214769998948,103.92059611431168
74,8049.684537430176,8834.934674257316,-1590.41717342854,-992.7016139133183,-866.7622580296095,592.0896912221774,-686.0620085829329,1516.8769145318568,228.78123378088708,280.3219072866173,-207.32103656157955,-186.1026628577335,159.814272321033,-62.90913891804834,201.28891849077635,19.627281394236487,-72.11641673703798,-60.78232993544636,-23.733285376293985,-98.13355754946917,-23.065968875247258,171.39175558662305,27.168130904289296,-44.60388967770438,114.37131126017448,83.29814140201216,133.10013143425465,-46.899520803738206,-102.50274654637032,-255.8085787205607
75,6407.086109192345,5904.859029288322,-969.6013752140859,-1372.3997580940527,-217.48824052951846,1190.1522614755586,429.7873094962282,347.38127066413364,514.2712934680291,-331.49392473857006,20.0337175812007,-148.18205552538075,91.38159782173175,-124.4366800248522,47.11778048907037,24.955302870488133,-42.04983362287704,-167.90919955039087,-85.47671358313832,-53.434460488658615,83.92616216968909,146.3660568909474,75.64251010258691,-103.41505116255131,86.63391696726013,-330.3486192478644,-164.30998624542093,308.89544347707243,354.2139092707525,175.82716370473878
76,3268.871502037571,282.29796039636267,-94.01701619104036,314.59626153088874,577.8090507689043,1463.7089217408154,1568.8125378105653,-445.47551223980116,384.58551104162655,-578.0296468713086,43.55049119029927,191.97364631292658,-103.61925994856921,-99.43075509171393,21.73244210627708,-75.34754412452953,235.90418506050827,130.72942020442628,42.7939305271136,-58.916493711013814,115.45956752423973,-106.04798749370909,-176.49984022477778,-101.4419072278572,51.42273743584746,-96.94830225903932,-115.44378935213346,-53.75332323421559,94.49265926393865,134.66961539438626
77,2085.6801394439076,-1939.4532503929636,247.90031543365404,544.4163581834014,665.1565746292727,1117.3184092164427,841.805648831473,487.9448680288216,-311.10590171815994,346.9333708839187,-274.34681409026956,488.58144777769917,-224.35369928818423,54.19962286931679,-46.70575383583053,-271.37229732831975,217.904921381485,365.23115788896916,165.55954789653438,-41.989747301104714,163.0660684998917,-121.69596352262826,-153.72350653210398,-65.61735381677484,95.83902063197276,-195.30760619888656,94.63243597044628,-97.34092847153282,-40.843195520599956,-87.40383136521021
78,2448.856925603992,-1409.36027337863,267.0574937306851,558.5040587287787,450.9605620934186,749.3586508770611,437.07548798565824,332.4542749638273,-375.29972535518283,491.8993041039348,-327.26533548911124,428.2471283706523,-271.6490038238643,198.14015694121724,-190.1213261488818,-318.5670890472087,-31.275704522983816,121.61798839261618,85.23187045570852,5.8905005172325025,177.95543640772001,20.169982029012182,56.13274938979802,7.936982390207916,23.772694756841574,-123.48769250652019,84.60656441349296,-14.01016216673534,-91.1937388209709,-142.1945185340687
79,2878.1844992499523,-690.7274980833837,289.3395885462822,-20.135586358514505,316.59117797662446,600.2789236656835,138.01791182540998,194.34712250099,-359.45090196013433,549.7822869163477,-353.2870019000867,329.53487625344354,-262.9712889502612,241.32492218775232,-202.48846353628585,-260.53450268316084,-177.51002657927552,-62.28289970540986,-19.287093030110228,43.0527838669117,87.99020741147608,91.47334044246443,195.1183782593727,79.27663922292626,-64.36502539451303,30.64542312952882,33.714017956723936,40.61545588953608,-84.03949083983451,-55.13430780474938
80,3099.065047695223,-393.5300025989433,335.37415958613735,136.060536449743,213.22838305150182,459.0639522484365,153.47021927626787,-199.87168720227416,-234.62068298177206,416.11781932919865,-339.4837156744053,267.800435468407,-286.9680062970375,241.68342363813696,-178.58137947648257,-188.4714854610301,-274.09998615392226,-229.4589041535812,-136.68697248127535,59.844018523790616,-2.1187349773569393,134.5489235125302,204.94864429142956,116.38595758013562,-119.05481132472768,185.96596665237365,-25.928938748112678,65.95446891469855,-46.89699611771918,36.55581532163366
81,3261.579392560592,-266.4818555221281,450.96405234538554,-93.95134080088354,135.81787774023502,414.10284701482004,132.0012921831771,-501.16288397336086,-146.66512392883678,291.8765587402218,-309.7153854022923,174.20334503423882,-278.2414468650705,205.3341013528841,-85.10332733927412,-24.405963628953874,-274.26815082668816,-308.4892142282974,-194.9072587058962,31.2584927952837,-95.95859783018504,101.09264753008634,121.06768225917617,83.20956895794284,-120.73660983211327,256.91377040105544,-72.17428699608327,32.885288765028456,37.919173858827,109.1634829827129
82,3154.748834742311,-634.544016574439,598.653247451784,-123.02185690053678,41.54113022586826,284.2863408379072,-126.22944011775826,-381.5539632948883,-257.38142308378787,419.70731947866597,-362.585464344852,129.81046263119165,-227.87839268846002,137.9689787244795,76.17335765347826,175.33255685353015,-183.31017850043332,-238.5256142648951,-166.58747576866685,-22.8049273148433,-204.62903039627378,19.842184394648676,-57.24170157047457,24.739147567683965,-53.05159321167068,191.52429347623897,-75.59241156527287,-50.194345285681884,138.045377551237,138.5636727975461
83,3189.282297214289,-696.5551772189885,645.829826874379,-13.473089784406868,-97.50843590121008,177.06438915461206,-270.44162597415584,-428.84527026523114,-273.40684585953716,440.45571482505,-378.8208137351625,59.578254395664345,-155.9635923056649,67.18247054925284,184.80631109257436,346.9940710990281,-65.90313664741814,-173.19782933387094,-104.88558987644545,-50.222180988415225,-239.16843652150837,-55.3495794853723,-228.0792045827359,-70.52804800257587,63.32479879247208,12.644743711697622,-29.408737912088696,-119.42390757288398,156.62977513988704,25.699077173456534
84,3146.6933956166245,-793.296307835403,718.0263289766344,-46.56393829310912,-158.476745980221,138.76491776925874,-302.7214099580784,-546.2853935149582,-252.988901188844,391.7260290512366,-352.38575983087,-22.171805871142546,-64.3154192470783,-10.643299267264513,244.38658388463293,410.67837039983635,50.170791882292704,-100.11355502307607,-44.78357087469892,-73.2475258511338,-175.33256867459173,-115.5833084675746,-272.9239352420751,-131.2948838291785,122.60322755595197,-147.636969740969,4.858792306901553,-109.86616184713692,67.19797029759803,-54.44618263656804
85,3561.5980296706557,-77.80101557522627,685.6406049451451,-130.74713233902193,-283.540332226671,107.62832985387831,-230.32374904339122,-810.0524141604782,-85.92183222828021,180.58026189935904,-278.2418975510758,-117.98576486854047,12.155395327632974,-86.26152876342277,246.85118296369387,351.0533011563755,91.84836077859153,-94.67791187141385,-7.78046637942553,-51.19007748013541,-65.47584197632668,-91.47813358514769,-131.72877263363176,-122.33244380796499,102.61545146360295,-199.87942483953685,31.197324868149224,0.5648679386104294,-87.4979639837027,-123.48296496736593
86,3558.6009917868837,-165.81271033692917,775.9901318991755,48.352216832630724,-355.2603259345918,-20.004031324252274,-299.8224701327178,-696.1476179774514,-96.51186133290156,171.00324250451112,-302.6342793436775,-114.57461587101162,56.9969298880547,-148.2598170729762,192.5061939385929,225.19030132074343,153.02252007566813,51.608874053565785,84.1028447277031,-4.448953041312812,108.63493717281533,-41.3749035640868,-1.2724829397830377,-70.90523084597913,58.012147747565024,-168.43444740117258,64.10982051567947,113.0558589096773,-189.2251105137229,-66.80796196180361
87,3453.090529740783,-406.32885605076603,902.2383534039351,-177.19766934674166,-338.4362611150052,-42.316321046286795,-325.88567697804586,-562.2974530585542,-105.95596065724193,170.75705006126302,-304.57915898926547,-121.81296871566326,120.69152545703726,-216.82132432422554,91.01536760197759,123.5455475882337,187.77928330414866,199.68413120557608,184.7164004497126,29.903581179143593,226.8150525497094,6.793947447613236,96.27834348030612,0.2542323976680685,6.432193566623747,-34.240062800177775,61.27856674243225,144.35311255333474,-196.60397471430738,19.764269879085642
88,3746.4144520697523,38.21188193546321,875.3913702443032,-226.1115259089969,-417.5249134231005,-119.34931611471305,-345.0841589340377,-503.92425506671,-26.031968718262817,84.21373891133572,-254.38444157429475,-140.83999977943728,169.4781379685874,-236.5698291901628,-24.297361012156642,-18.701154051152184,150.58812734276907,253.5537923144879,212.2460640620428,50.03537139774755,261.4983781810383,59.48969860257622,146.38308410220776,48.89262540310667,-42.21044772194486,74.72124330534122,20.382949231141694,105.36882637775197,-106.34957368198062,51.24386805193525
89,3738.569571565322,-39.97103530379465,943.2500889631858,75.68282300265176,-471.2018588129159,-221.31497083593524,-237.66422242338055,-569.9856336628826,69.52176745022939,-53.266173083827155,-169.00199193401428,-152.72389098303347,196.02745056739352,-235.35612442266319,-97.3554367181499,-157.89403379209293,118.85080301049335,261.4158899969841,186.41311218838726,49.42734494334007,236.92037485362036,86.46925023727748,141.7419434871734,56.80192793389061,-61.55994446983322,136.29911310725186,-13.81017948959493,29.640824946200492,13.913950211839806,19.356730023849828
90,3562.3791415796104,-448.31627335891136,1128.576225408724,-142.86722907823446,-512.7505522772103,-259.5988960482478,-260.6341516779668,-316.0142434609055,64.14453357170406,-35.296548453092754,-105.76799750424928,-143.59499533177646,217.661576016348,-204.78360614464682,-130.94390463379005,-246.01079151092867,91.64399326296775,283.804900505003,144.11812722250744,32.178508390052535,116.98321596223022,44.0953606577336,83.93693054525298,57.333918499740825,-63.30441465379939,160.22334774232212,-28.85909477672645,-77.72502035921136,158.64963141013712,41.093730653744004
91,3581.4513227152725,-363.3152233480672,1137.1463367330086,-140.24440166825642,-613.998022186268,-336.73749221103753,-291.34552763732637,-104.54041645137015,80.38860353177091,-27.338800294884773,-64.41849387310543,-128.32985761642678,211.6450557157026,-138.2235076958062,-157.0120579214032,-348.5589112462221,12.519181194368812,249.25599424435143,17.38510356970173,9.49547755061568,-40.74214105959423,-24.952062586373938,-0.9723371552692667,47.16383489862508,-31.10480968889034,103.12560482720608,-31.493746940457964,-153.31396599551482,206.83200032869496,20.266026133799052
92,3385.1681463153404,-702.4409292372861,1323.4692936572144,-255.84258783903144,-641.7789352946153,-357.1857050559765,-163.9140133608456,-11.8380737354239,138.94226111051617,-115.87253350770774,20.557680242654776,-115.5836795013344,193.96588266139227,-76.34066360317894,-183.75149604764874,-391.4910711841228,-55.5539705751348,160.84440092069966,-78.46471655237954,-13.063470071795825,-181.6490061515617,-65.05952377760109,-58.60728402375474,40.87997307807293,2.6182196516048797,36.52599244803871,-61.50917217407902,-159.85939396110444,165.84454105847712,14.18757468508055
93,3131.7827648336124,-1126.6049558663326,1480.4446466387928,-474.4846579944079,-612.1757342102907,-324.25609159697984,-54.22651736809738,109.03833284450293,165.08850099787665,-159.25924672101107,87.11973752032495,-86.2843983902125,156.2242856021826,-29.165487849072896,-176.76216823119046,-378.551541088646,-110.43798418278315,100.85392163903656,-154.16624799696513,-14.08690478235233,-294.56579234755844,-106.05625264986071,-77.9110144526324,17.319339127294498,13.173664176564722,-51.270352782830514,-44.840994125317366,-81.11374181076803,47.255893656758374,-20.54517375715681
94,2664.2218403014317,-2063.5394821552873,1766.7229052772034,-237.65441699903346,-580.9581377978059,-383.0999980891329,120.17620285587363,160.05804205380412,163.99465771005512,-242.3017265191982,169.51598686427425,-43.98530270412008,91.60885724413464,30.59176703265671,-138.22139593610973,-325.4636557680149,-117.39168612211415,29.00782111128641,-177.19224842323115,-13.576217158884242,-327.4080178354367,-101.1939625803093,-77.2029234477889,-16.614233723892188,34.16856351791953,-109.34902286101412,-9.412475001545987,31.438348744162028,-92.24489501256969,-37.57279335783649
95,2217.344631370422,-2862.3495291582744,1964.8525196360224,-149.70168186242532,-504.1248168904797,-399.6420157406458,245.17674811156843,243.51912926147475,152.74153644529017,-281.557484321895,211.72229905336786,-5.134159960510095,9.002008471372488,59.86491987534761,-81.54802779461248,-207.41113241636248,-96.80191255271919,-38.92685545786861,-176.25150473803694,2.2190800667571127,-282.47202641613154,-82.29469474414854,-61.92241182635065,-58.34318640639945,57.45066122835218,-130.45160270403053,45.572056200096284,139.57876527882925,-199.78825500678823,-35.917714003208985
96,1664.0530715524874,-3906.5147652188907,2252.9425944052623,-183.32768709348653,-406.8612375253502,-388.4253688197365,388.248136210396,331.51919262294876,149.70448904884282,-334.5881581326004,283.6468879758311,43.64885628757816,-56.177855702385536,102.50833454449572,17.935132738040874,-1.3701817885648186,-34.7610674527609,-98.4027804192582,-101.91354420974528,-2.303747658621057,-137.18793533379161,-47.000389797180404,-31.632436754793723,-62.268433067951854,57.47616505675363,-78.01767843720215,81.22969932645607,176.8334217310828,-200.0346074584915,-3.3158900615610536
97,1511.6818953004597,-4223.768425704842,2327.5337134210245,-111.4931353105198,-436.2079281107672,-510.43251380569075,173.90696099983145,759.5685108913602,19.740938265583903,-140.13774464402167,252.79303536008928,106.3231373737685,-102.29493302301073,130.1775797165841,126.42679608026023,205.21163091517775,42.62278502681586,-112.83735943508175,31.23985849125834,-3.9068538797359147,67.10646271934412,15.94122543286848,-16.826759303202884,-33.35962596803506,14.803632923023342,5.358821561809285,86.4494468823664,92.81717691659392,-59.8432706312829,38.30736572643088
98,1748.1321380832883,-3798.9023249914962,2303.4578119283447,-146.27680255463875,-468.37130125024953,-452.18097126580864,343.30665263842724,476.54407993964065,186.94923975358952,-324.1798210266868,347.24760304796007,91.17068796327241,-158.89941669944204,141.98557945571338,152.94421585622513,345.6242849645233,45.625167259038705,-247.56441257129512,77.26364808614689,-10.30217233349245,298.98520420598,128.12639388977516,75.36640240198135,31.055305701086624,-32.24776017094858,62.21884074739197,-30.179125595852593,-34.756206206896984,94.34531383293026,3.3427548344291385
99,1852.557280313924,-3668.1256854388625,2273.81881384439,83.35569822136026,-568.0303973818577,-562.9164025054017,113.0290577121001,771.551964757699,85.96602938609117,-158.598646619202,267.3445018152447,143.56747274044977,-205.03849233892942,171.5237714591525,197.04325586013852,448.33096903797275,105.2955923702359,-183.35533812652162,181.5600341802335,-17.95906680130858,411.631525760839,138.97267615396905,75.5337363018879,59.40776445392056,-74.47053272712004,78.91622688334817,-74.7250074154599,-153.4553177100227,178.3089280517038,-7.017533688730849
